{
  "features": [
    "s1",
    "s2",
    "s3",
    "s4",
    "load"
  ],
  "target": "RUL_true",
  "n_models": 5,
  "sample_n": 200000,
  "batch_size": 2048,
  "epochs": 15,
  "lr": 0.001,
  "seed": 42,
  "device": "cpu",
  "val_mse_each": [
    25.562810137939454,
    26.702058169555663,
    25.742503576660155,
    24.942729034423827,
    24.766188412475586
  ],
  "val_mse_mean": 25.543257866210936
}